insert into users (id, name, email, password) values (1, 'Marian Campos', 'mcampos0@symantec.com', '32ac10vFB/BOAVhpuLvpOREQVmvmezD4ED/.JBIDRh70tGevYzYzQgFId2u.');
insert into users (id, name, email, password) values (2, 'Finlay Revitt', 'frevitt1@artisteer.com', 'e2av10jFB/BOAVhpuLvpOREQVmvmezD4ED/.JBIDRh70tGevYzYzQgFId2u.');
insert into users (id, name, email, password) values (3, 'Amy Croome', 'acroome2@kickstarter.com', 'u2aj10gFB/BOAVhpuLvpOREQVmvmezD4ED/.JBIDRh70tGevYzYzQgFId2u.');
insert into users (id, name, email, password) values (4, 'Ethelin Mc Harg', 'emc3@indiatimes.com', 'r2a210xFB/BOAVhpuLvpOREQVmvmezD4ED/.JBIDRh70tGevYzYzQgFId2u.');
insert into users (id, name, email, password) values (5, 'Pip Esby', 'pesby4@ow.ly', '22ar105FB/BOAVhpuLvpOREQVmvmezD4ED/.JBIDRh70tGevYzYzQgFId2u.');
insert into users (id, name, email, password) values (6, 'Corney Delort', 'cdelort5@w3.org', 'h2a0105FB/BOAVhpuLvpOREQVmvmezD4ED/.JBIDRh70tGevYzYzQgFId2u.');
insert into users (id, name, email, password) values (7, 'Liza Wheelhouse', 'lwheelhouse6@cisco.com', 'w2ak10aFB/BOAVhpuLvpOREQVmvmezD4ED/.JBIDRh70tGevYzYzQgFId2u.');
insert into users (id, name, email, password) values (8, 'Malvin Piggott', 'mpiggott7@umn.edu', '72ac10rFB/BOAVhpuLvpOREQVmvmezD4ED/.JBIDRh70tGevYzYzQgFId2u.');
insert into users (id, name, email, password) values (9, 'Madella Rushforth', 'mrushforth8@washingtonpost.com', 'r2au101FB/BOAVhpuLvpOREQVmvmezD4ED/.JBIDRh70tGevYzYzQgFId2u.');


insert into properties (id, owner_id, title, description, thumbnail_photo_url, cover_photo_url, cost_per_night, parking_spaces, number_of_bathrooms, number_of_bedrooms, country, street, city, province, post_code, active) values (1, 3, 'Freckled Milkvetch', 'description', 'http://dummyimage.com/136x176.bmp/5fa2dd/ffffff', 'http://dummyimage.com/166x211.png/cc0000/ffffff', 4431, 3, 5, 5, 'United States', '553 Summerview Court', 'Wilkes Barre', 'Pennsylvania', '18768', false);
insert into properties (id, owner_id, title, description, thumbnail_photo_url, cover_photo_url, cost_per_night, parking_spaces, number_of_bathrooms, number_of_bedrooms, country, street, city, province, post_code, active) values (2, 7, 'Low Flatsedge', 'description', 'http://dummyimage.com/156x140.jpg/dddddd/000000', 'http://dummyimage.com/194x130.png/dddddd/000000', 4486, 3, 3, 3, 'United States', '3 John Wall Point', 'Akron', 'Ohio', '44310', false);
insert into properties (id, owner_id, title, description, thumbnail_photo_url, cover_photo_url, cost_per_night, parking_spaces, number_of_bathrooms, number_of_bedrooms, country, street, city, province, post_code, active) values (3, 2, 'Condensed Weissia Moss', 'description', 'http://dummyimage.com/152x196.bmp/dddddd/000000', 'http://dummyimage.com/223x223.jpg/dddddd/000000', 1931, 2, 2, 4, 'United States', '40014 West Circle', 'Sacramento', 'California', '94257', false);
insert into properties (id, owner_id, title, description, thumbnail_photo_url, cover_photo_url, cost_per_night, parking_spaces, number_of_bathrooms, number_of_bedrooms, country, street, city, province, post_code, active) values (4, 1, 'Pygmy Starwort', 'description', 'http://dummyimage.com/142x218.png/dddddd/000000', 'http://dummyimage.com/236x189.jpg/ff4444/ffffff', 2588, 2, 2, 1, 'United States', '5704 Hanover Way', 'Portsmouth', 'New Hampshire', '00214', true);
insert into properties (id, owner_id, title, description, thumbnail_photo_url, cover_photo_url, cost_per_night, parking_spaces, number_of_bathrooms, number_of_bedrooms, country, street, city, province, post_code, active) values (5, 1, 'Hillside Vervain', 'description', 'http://dummyimage.com/244x181.png/dddddd/000000', 'http://dummyimage.com/155x155.png/ff4444/ffffff', 125, 3, 4, 5, 'United States', '8 Killdeer Hill', 'Huntington', 'West Virginia', '25775', false);
insert into properties (id, owner_id, title, description, thumbnail_photo_url, cover_photo_url, cost_per_night, parking_spaces, number_of_bathrooms, number_of_bedrooms, country, street, city, province, post_code, active) values (6, 4, 'Bluefly Honeysuckle', 'description', 'http://dummyimage.com/100x135.jpg/cc0000/ffffff', 'http://dummyimage.com/231x220.png/dddddd/000000', 4756, 3, 1, 3, 'United States', '8 Gina Center', 'Lexington', 'Kentucky', '40581', true);
insert into properties (id, owner_id, title, description, thumbnail_photo_url, cover_photo_url, cost_per_night, parking_spaces, number_of_bathrooms, number_of_bedrooms, country, street, city, province, post_code, active) values (7, 2, 'Smooth Woodsia', 'description', 'http://dummyimage.com/174x226.bmp/dddddd/000000', 'http://dummyimage.com/151x224.jpg/ff4444/ffffff', 2779, 2, 3, 5, 'United States', '71 Mosinee Court', 'Memphis', 'Tennessee', '38197', false);
insert into properties (id, owner_id, title, description, thumbnail_photo_url, cover_photo_url, cost_per_night, parking_spaces, number_of_bathrooms, number_of_bedrooms, country, street, city, province, post_code, active) values (8, 8, 'Waihee Clermontia', 'description', 'http://dummyimage.com/167x142.jpg/5fa2dd/ffffff', 'http://dummyimage.com/205x111.bmp/cc0000/ffffff', 4009, 2, 5, 5, 'United States', '57125 Macpherson Drive', 'Sacramento', 'California', '94297', false);
insert into properties (id, owner_id, title, description, thumbnail_photo_url, cover_photo_url, cost_per_night, parking_spaces, number_of_bathrooms, number_of_bedrooms, country, street, city, province, post_code, active) values (9, 2, 'Palmer''s Buckwheat', 'description', 'http://dummyimage.com/135x130.bmp/cc0000/ffffff', 'http://dummyimage.com/176x148.jpg/cc0000/ffffff', 1867, 2, 4, 5, 'United States', '409 Granby Park', 'Allentown', 'Pennsylvania', '18105', false);
insert into properties (id, owner_id, title, description, thumbnail_photo_url, cover_photo_url, cost_per_night, parking_spaces, number_of_bathrooms, number_of_bedrooms, country, street, city, province, post_code, active) values (10, 2, 'White Pea', 'description', 'http://dummyimage.com/180x183.jpg/5fa2dd/ffffff', 'http://dummyimage.com/230x242.jpg/5fa2dd/ffffff', 1297, 2, 4, 2, 'United States', '038 Kingsford Trail', 'Atlanta', 'Georgia', '30306', true);
insert into properties (id, owner_id, title, description, thumbnail_photo_url, cover_photo_url, cost_per_night, parking_spaces, number_of_bathrooms, number_of_bedrooms, country, street, city, province, post_code, active) values (11, 8, 'Oysternut', 'description', 'http://dummyimage.com/208x244.jpg/ff4444/ffffff', 'http://dummyimage.com/208x232.png/dddddd/000000', 2119, 1, 5, 4, 'United States', '2653 Carioca Drive', 'Columbus', 'Ohio', '43240', true);
insert into properties (id, owner_id, title, description, thumbnail_photo_url, cover_photo_url, cost_per_night, parking_spaces, number_of_bathrooms, number_of_bedrooms, country, street, city, province, post_code, active) values (12, 3, 'Slender Sensitive Pea', 'description', 'http://dummyimage.com/165x142.jpg/ff4444/ffffff', 'http://dummyimage.com/126x157.jpg/ff4444/ffffff', 4589, 1, 4, 4, 'United States', '2 Myrtle Plaza', 'Dallas', 'Texas', '75246', true);
insert into properties (id, owner_id, title, description, thumbnail_photo_url, cover_photo_url, cost_per_night, parking_spaces, number_of_bathrooms, number_of_bedrooms, country, street, city, province, post_code, active) values (13, 4, 'Thelidium Lichen', 'description', 'http://dummyimage.com/132x174.png/5fa2dd/ffffff', 'http://dummyimage.com/145x222.png/5fa2dd/ffffff', 4577, 3, 4, 3, 'United States', '7237 Maple Wood Circle', 'Topeka', 'Kansas', '66642', false);
insert into properties (id, owner_id, title, description, thumbnail_photo_url, cover_photo_url, cost_per_night, parking_spaces, number_of_bathrooms, number_of_bedrooms, country, street, city, province, post_code, active) values (14, 4, 'Protoblastenia Lichen', 'description', 'http://dummyimage.com/123x191.bmp/5fa2dd/ffffff', 'http://dummyimage.com/113x118.png/cc0000/ffffff', 2829, 3, 1, 3, 'United States', '44303 Carioca Drive', 'Flushing', 'New York', '11388', true);
insert into properties (id, owner_id, title, description, thumbnail_photo_url, cover_photo_url, cost_per_night, parking_spaces, number_of_bathrooms, number_of_bedrooms, country, street, city, province, post_code, active) values (15, 6, 'Knotweed Spineflower', 'description', 'http://dummyimage.com/168x187.bmp/5fa2dd/ffffff', 'http://dummyimage.com/153x120.bmp/5fa2dd/ffffff', 3583, 3, 4, 3, 'United States', '5 Dunning Plaza', 'Austin', 'Texas', '78744', true);


insert into reservations (id, start_date, end_date, property_id, guest_id) values (1, '2020-05-21', '2020-06-14', 1, 2);
insert into reservations (id, start_date, end_date, property_id, guest_id) values (2, '2020-05-23', '2020-04-13', 11, 5);
insert into reservations (id, start_date, end_date, property_id, guest_id) values (3, '2020-01-03', '2020-09-22', 12, 1);
insert into reservations (id, start_date, end_date, property_id, guest_id) values (4, '2020-07-20', '2020-10-05', 14, 4);
insert into reservations (id, start_date, end_date, property_id, guest_id) values (5, '2020-08-14', '2019-12-08', 2, 7);
insert into reservations (id, start_date, end_date, property_id, guest_id) values (6, '2020-07-05', '2020-03-18', 11, 9);
insert into reservations (id, start_date, end_date, property_id, guest_id) values (7, '2020-04-27', '2020-03-11', 11, 1);
insert into reservations (id, start_date, end_date, property_id, guest_id) values (8, '2019-12-24', '2020-11-10', 7, 2);
insert into reservations (id, start_date, end_date, property_id, guest_id) values (9, '2020-05-01', '2020-03-11', 3, 1);
insert into reservations (id, start_date, end_date, property_id, guest_id) values (10, '2020-06-02', '2020-03-16', 4, 7);
insert into reservations (id, start_date, end_date, property_id, guest_id) values (11, '2020-07-21', '2020-04-08', 3, 5);
insert into reservations (id, start_date, end_date, property_id, guest_id) values (12, '2020-09-12', '2019-11-27', 7, 2);
insert into reservations (id, start_date, end_date, property_id, guest_id) values (13, '2020-03-29', '2020-06-12', 7, 3);
insert into reservations (id, start_date, end_date, property_id, guest_id) values (14, '2020-01-20', '2020-11-14', 13, 1);
insert into reservations (id, start_date, end_date, property_id, guest_id) values (15, '2020-10-16', '2020-04-25', 11, 1);

insert into property_reviews (id, guest_id, property_id, reservation_id, rating, message) values (1, 9, 13, 5, 5, 'message');
insert into property_reviews (id, guest_id, property_id, reservation_id, rating, message) values (2, 8, 7, 1, 5, 'message');
insert into property_reviews (id, guest_id, property_id, reservation_id, rating, message) values (3, 3, 9, 6, 1, 'message');
insert into property_reviews (id, guest_id, property_id, reservation_id, rating, message) values (4, 8, 10, 2, 3, 'message');
insert into property_reviews (id, guest_id, property_id, reservation_id, rating, message) values (5, 8, 1, 14, 1, 'message');
insert into property_reviews (id, guest_id, property_id, reservation_id, rating, message) values (6, 8, 2, 3, 4, 'message');
insert into property_reviews (id, guest_id, property_id, reservation_id, rating, message) values (7, 4, 6, 1, 1, 'message');
insert into property_reviews (id, guest_id, property_id, reservation_id, rating, message) values (8, 7, 12, 13, 2, 'message');
insert into property_reviews (id, guest_id, property_id, reservation_id, rating, message) values (9, 1, 13, 1, 5, 'message');
insert into property_reviews (id, guest_id, property_id, reservation_id, rating, message) values (10, 5, 4, 6, 1, 'message');

